2.117795300420134696e-01,1.372890190023949297e-01,1.119007409973764022e-01,-2.462551533371192813e-01,-4.188740911531282918e-02,4.550167619557692333e-01,7.684032448100389101e-02,1.109018912728129275e-01,8.241057460863454587e-02,1.827989891844941373e-01,4.482433247001023080e-01,1.221794748797413871e-01,1.135999210209570204e-01,-3.345106985153625256e-01,6.522710494549147087e-02,4.460163479238932194e-01,3.234419939812004097e-02,5.179378215792607154e-02,6.249575095770097954e-01,-4.000000000000000083e-02,4.433972520487611257e-01,1.486259037833771168e-01,9.876918413013366371e-02,1.569504302871105539e+00
2.117795300420134696e-01,1.372890190023949297e-01,1.119007409973764022e-01,-2.472336175978166461e-01,-4.020048509455306784e-02,4.546043338444656357e-01,7.820093274580777742e-02,1.137152491326628573e-01,8.332322096420763380e-02,1.846283393188519473e-01,4.465239694661573555e-01,1.211269766443741486e-01,1.114171670314840351e-01,-3.334389908205712683e-01,6.421593636126390892e-02,4.476916717399095358e-01,3.123743229783802755e-02,4.989205743289570893e-02,6.249885527739508229e-01,-3.689208087511360729e-02,4.409041920876358711e-01,1.499999999999999944e-01,9.968348305940774590e-02,1.552254255796091442e+00
2.117795300420134696e-01,1.372890190023949297e-01,1.119007409973764022e-01,-2.482111370317620636e-01,-3.851365909549428479e-02,4.541902636368400081e-01,7.956235405521930315e-02,1.165283650814740307e-01,8.423754410786865598e-02,1.864574874726263876e-01,4.448033866326437380e-01,1.200758966968727276e-01,1.092341944140366589e-01,-3.323662719422946221e-01,6.320518081859818893e-02,4.493675814742406072e-01,3.013179593957691915e-02,4.798962606686185683e-02,6.250187052827215206e-01,-3.378309259191155517e-02,4.384117891745870077e-01,1.499999999999999944e-01,1.005996257745489231e-01,1.552758410578721993e+00
2.117795300420134696e-01,1.372890190023949297e-01,1.119007409973764022e-01,-2.491877453993988634e-01,-3.682707116576863782e-02,4.537746462695873007e-01,8.092490936628074505e-02,1.193413140907137043e-01,8.515312733097313291e-02,1.882863109440682525e-01,4.430815982020572807e-01,1.190265467974689767e-01,1.070512802370808397e-01,-3.312927585294465072e-01,6.219498651419899660e-02,4.510440416202132763e-01,2.902714818022876508e-02,4.608642053893785562e-02,6.250475096183919499e-01,-3.067288287915289485e-02,4.359205115320389234e-01,1.499999999999999944e-01,1.015177279341794303e-01,1.530377785824638792e+00
2.117795300420134696e-01,1.372890190023949297e-01,1.119007409973764022e-01,-2.501634417694044710e-01,-3.514072165462209241e-02,4.533574814516692086e-01,8.228859926106871225e-02,1.221540961603818781e-01,8.606997104097469098e-02,1.901148097331775422e-01,4.413586042908133056e-01,1.179789272954088614e-01,1.048684247334472214e-01,-3.302184495342890269e-01,6.118535356448165374e-02,4.527210531091501178e-01,2.792348948545485265e-02,4.418244038346241798e-02,6.250749649878827308e-01,-2.756145196966826999e-02,4.334303593928222620e-01,1.499999999999999944e-01,1.024377907024524859e-01,1.580550912427847399e+00
2.117795300420134696e-01,1.372890190023949297e-01,1.119007409973764022e-01,-2.511382257925329209e-01,-3.345461044563932673e-02,4.529387689211512580e-01,8.365342397241384842e-02,1.249667117561398394e-01,8.698807599457292206e-02,1.919429837235389347e-01,4.396344053645730998e-01,1.169330391220149562e-01,1.026856286016277348e-01,-3.291433442583302504e-01,6.017628208586148220e-02,4.543986165231277408e-01,2.682082043733179100e-02,4.227768548402022208e-02,6.251010706108474091e-01,-2.444879916496574962e-02,4.309413325241063797e-01,1.499999999999999944e-01,1.033598149524830034e-01,1.562514877197173524e+00
2.117795300420134696e-01,1.372890190023949297e-01,1.119007409973764022e-01,-2.521120966538769603e-01,-3.176873765523566262e-02,4.525185084160989746e-01,8.501938419880808451e-02,1.277791611108182179e-01,8.790744277384443528e-02,1.937708327987371082e-01,4.379090023546592381e-01,1.158888826265332267e-01,1.005028923072836672e-01,-3.280674418866629249e-01,5.916777231116912561e-02,4.560767322113921107e-01,2.571914150152086742e-02,4.037215514211933698e-02,6.251258257796991069e-01,-2.133492376655340278e-02,4.284534311587219202e-01,1.499999999999999944e-01,1.042838016738012186e-01,1.448190899747926697e+00
2.117795300420134696e-01,1.372890190023949297e-01,1.119007409973764022e-01,-2.530850538877753020e-01,-3.008310316699577824e-02,4.520966997036817148e-01,8.638648028949738600e-02,1.305914444572476851e-01,8.882807172803519613e-02,1.955983570751873846e-01,4.361823956103176858e-01,1.148464585074556038e-01,9.832021654890694962e-02,-3.269907417207951195e-01,5.815982447323522764e-02,4.577554008724351586e-01,2.461845326009869106e-02,3.846584935775976266e-02,6.251492296176849317e-01,-1.821982624009251678e-02,4.259666552966688835e-01,1.499999999999999944e-01,1.052097519141450277e-01,1.538952110358284608e+00
2.117795300420134696e-01,1.372890190023949297e-01,1.119007409973764022e-01,-2.540570966793206931e-01,-2.839770733016563908e-02,4.516733423473420217e-01,8.775471247731239655e-02,1.334035622610895144e-01,8.974996361384479648e-02,1.974255564364744420e-01,4.344545855972097304e-01,1.138057673468586967e-01,9.613760155932822571e-02,-3.259132429458195812e-01,5.715243868847511011e-02,4.594346229719181718e-01,2.351875629514187105e-02,3.655876766528021182e-02,6.251712815099864651e-01,-1.510350611992180431e-02,4.234810049379472696e-01,1.499999999999999944e-01,1.061376665466293445e-01,1.473428029967978503e+00
2.117795300420134696e-01,1.372890190023949297e-01,1.119007409973764022e-01,-2.550282245628518463e-01,-2.671254991191460149e-02,4.512484361433530822e-01,8.912408146074504711e-02,1.362155149880049931e-01,9.067311901334984547e-02,1.992524309990136022e-01,4.327255728974119808e-01,1.127668098432344362e-01,9.395504826987007008e-02,-3.248349447468290574e-01,5.614561507330409484e-02,4.611143990919177593e-01,2.242005107231169470e-02,3.465090959901939716e-02,6.251919806198685814e-01,-1.198596294037997806e-02,4.209964803153877222e-01,1.499999999999999944e-01,1.070675465025767437e-01,1.460654211539818892e+00
2.117795300420134696e-01,1.372890190023949297e-01,1.119007409973764022e-01,-2.559984367816691697e-01,-2.502763091224266545e-02,4.508219808588842525e-01,9.049458747262598135e-02,1.390273028708247649e-01,9.159753862504227406e-02,2.010789807628048653e-01,4.309953583258316900e-01,1.117295866950747535e-01,9.177255714619377003e-02,-3.237558463089162952e-01,5.513935386055282550e-02,4.627947298145105304e-01,2.132233817368477113e-02,3.274227492614667501e-02,6.252113261360620067e-01,-8.867196701467038034e-03,4.185130811961595976e-01,1.499999999999999944e-01,1.079993928297251216e-01,1.500964042329546944e+00
2.117795300420134696e-01,1.372890190023949297e-01,1.119007409973764022e-01,-2.569677328701113761e-01,-2.334295068039579646e-02,4.503939762611048891e-01,9.186623086220116474e-02,1.418389259095488297e-01,9.252322285637570864e-02,2.029052056114329095e-01,4.292639421152995016e-01,1.106940983680409357e-01,8.959012842112996922e-02,-3.226759467007587201e-01,5.413365516663662391e-02,4.644756156053577723e-01,2.022561806492238767e-02,3.083286329741607990e-02,6.252293174255584285e-01,-5.747207170352340577e-03,4.160308078130935394e-01,1.499999999999999944e-01,1.089332065758123747e-01,1.473377776817662577e+00
2.117795300420134696e-01,1.372890190023949297e-01,1.119007409973764022e-01,-2.579361120714788735e-01,-2.165850898354335086e-02,4.499644219425613656e-01,9.323901221154720642e-02,1.446503848026691186e-01,9.345017252225740201e-02,2.047311056613130564e-01,4.275313249643073465e-01,1.096603455606249139e-01,8.740776302600124226e-02,-3.215952452238644010e-01,5.312851899155549007e-02,4.661570572793667377e-01,2.000000000000000042e-02,2.892267424716632451e-02,6.252459537243822973e-01,-2.625993881374598382e-03,4.135496601661895477e-01,1.499999999999999944e-01,1.098689886721610776e-01,1.535127345492459661e+00
2.117795300420134696e-01,1.372890190023949297e-01,1.119007409973764022e-01,-2.589037179258634747e-01,-1.997423399343176142e-02,4.495332888285270556e-01,9.461281033231408455e-02,1.474616900275645959e-01,9.437844635421721584e-02,2.065567188638402218e-01,4.257975239859075334e-01,1.086284558640194103e-01,8.522553895907321320e-02,-3.205138325657690412e-01,5.212392449696681695e-02,4.678391128113676967e-01,2.000000000000000042e-02,2.701184176943283166e-02,6.252611457556241925e-01,4.962105676531783360e-04,4.110696948332940304e-01,1.499999999999999944e-01,1.108066551251165321e-01,1.413937011890274320e+00
2.117795300420134696e-01,1.372890190023949297e-01,1.119007409973764022e-01,-2.598705866966379285e-01,-1.829010720002485768e-02,4.491005690609677359e-01,9.598759355953426220e-02,1.499999999999999944e-01,9.530806018473891861e-02,2.083820552307320828e-01,4.240625439531282570e-01,1.075984626894217894e-01,8.304347740793445454e-02,-3.194317315438757188e-01,5.111986597851983505e-02,4.695217978010137738e-01,2.000000000000000042e-02,2.510040043956618394e-02,6.252748703399021446e-01,3.619346339255570533e-03,4.085909257842456066e-01,1.499999999999999944e-01,1.117461846306748441e-01,1.310990954388586927e+00
2.117795300420134696e-01,1.372890190023949297e-01,1.119007409973764022e-01,-2.608366899202560485e-01,-1.660608552965356366e-02,4.486662628145063891e-01,9.736340845933647015e-02,1.499999999999999944e-01,9.623897641167356021e-02,2.102071151112346048e-01,4.223263678693325307e-01,1.065703158618283436e-01,8.086147499577918396e-02,-3.183488875593984968e-01,5.011634180640003877e-02,4.712051074752767743e-01,2.000000000000000042e-02,2.318835142171959962e-02,6.252871096229256631e-01,6.743487473577260138e-03,4.061133332284395658e-01,1.499999999999999944e-01,1.126876047210596254e-01,1.309277672129160797e+00
2.117795300420134696e-01,1.372890190023949297e-01,1.119007409973764022e-01,-2.618017698531953097e-01,-1.492176956134869115e-02,4.482303723301379605e-01,9.874068506991953709e-02,1.499999999999999944e-01,9.717084223838834411e-02,2.120319035112066264e-01,4.205888301919327166e-01,1.055435438991856739e-01,7.867856687242009983e-02,-3.172647989787156231e-01,4.911333358698657947e-02,4.728889946859513582e-01,2.000000000000000042e-02,2.127571229460667457e-02,6.252977048041913344e-01,9.869318492710589530e-03,4.036367295043771231e-01,1.499999999999999944e-01,1.136311620221301666e-01,1.363798590140349543e+00
2.117795300420134696e-01,1.372890190023949297e-01,1.119007409973764022e-01,-2.627658258551714421e-01,-1.323715952794088380e-02,4.477928970548896714e-01,1.001194245554366813e-01,1.499999999999999944e-01,9.810365836337520129e-02,2.138564208963094349e-01,4.188499315030054237e-01,1.045181476164010331e-01,7.649475350351848946e-02,-3.161794649869198448e-01,4.811084178594074445e-02,4.745734602479447783e-01,2.000000000000000042e-02,2.000000000000000042e-02,6.253066546931705938e-01,1.299684032797813332e-02,4.011611148448889219e-01,1.499999999999999944e-01,1.145768578144550076e-01,1.351183390665715800e+00
2.117795300420134696e-01,1.372890190023949297e-01,1.119007409973764022e-01,-2.637289997200464309e-01,-1.155227754834128873e-02,4.473538599807875826e-01,1.014997001411253319e-01,1.499999999999999944e-01,9.903733054843111283e-02,2.156805407230882043e-01,4.171097030018569018e-01,1.034940676416602895e-01,7.430997086064734802e-02,-3.150928923360998279e-01,4.710871611108205514e-02,4.762585936846395196e-01,2.000000000000000042e-02,2.000000000000000042e-02,6.253141234250080283e-01,1.612615379504859364e-02,3.986865202164505684e-01,1.499999999999999944e-01,1.155245063573881736e-01,1.543197612369094474e+00
2.117795300420134696e-01,1.372890190023949297e-01,1.119007409973764022e-01,-2.646915760250744820e-01,-9.867167511126234691e-03,4.469133077903757467e-01,1.028816573461377726e-01,1.499999999999999944e-01,9.997166932761980540e-02,2.175040094389719958e-01,4.153682074363456156e-01,1.024711844164279267e-01,7.212408995563009129e-02,-3.140050959274167663e-01,4.610665527955762344e-02,4.779445735771392645e-01,2.000000000000000042e-02,2.000000000000000042e-02,6.253204407533786702e-01,1.925745842978358185e-02,3.962130077848439180e-01,1.499999999999999944e-01,1.164737340159542611e-01,1.555471625361412480e+00
2.117795300420134696e-01,1.372890190023949297e-01,1.119007409973764022e-01,-2.656535540717636645e-01,-8.181829998372330826e-03,4.464712398142660632e-01,1.042652973346272216e-01,1.499999999999999944e-01,1.009066751666025663e-01,2.193268270439608092e-01,4.136254446900562431e-01,1.014494984063652322e-01,6.993711078846671925e-02,-3.129160748295480854e-01,4.510465952419809299e-02,4.796314007403512658e-01,2.000000000000000042e-02,2.000000000000000042e-02,6.253256060825634899e-01,2.239075539633631623e-02,3.937405775500689709e-01,1.499999999999999944e-01,1.174245418960988274e-01,1.546849911695893809e+00
2.117795300420134696e-01,1.372890190023949297e-01,1.119007409973764022e-01,-2.666149331616220475e-01,-6.496264893664255302e-03,4.460276553830704316e-01,1.056506211543315754e-01,1.499999999999999944e-01,1.018423491713249529e-01,2.211489933052240009e-01,4.118814148794041063e-01,1.004290097278875277e-01,6.774903359198787556e-02,-3.118258279947558886e-01,4.410272919424942928e-02,4.813190758727674545e-01,2.000000000000000042e-02,2.000000000000000042e-02,6.253296189091571700e-01,2.552604539319872773e-02,3.912692295121257269e-01,1.499999999999999944e-01,1.183769311619750908e-01,1.613208821918730829e+00
2.117795300420134696e-01,1.372890190023949297e-01,1.119007409973764022e-01,-2.675757126543653608e-01,-4.810472429832651775e-03,4.455825538274007513e-01,1.070376297365734086e-01,1.499999999999999944e-01,1.027786923895248616e-01,2.229705082227615709e-01,4.101361178879738834e-01,9.940971896307142230e-02,6.555985813336291657e-02,-3.107343543753022796e-01,4.310086452254227596e-02,4.830075994400491179e-01,2.000000000000000042e-02,2.000000000000000042e-02,6.253324785817341303e-01,2.866332958452403462e-02,3.887989636710141861e-01,1.499999999999999944e-01,1.193309030359439304e-01,1.559627604205090501e+00
2.117795300420134696e-01,1.372890190023949297e-01,1.119007409973764022e-01,-2.685358917350863517e-01,-3.124452723292842071e-03,4.451359344487650915e-01,1.084263238962599740e-01,1.499999999999999944e-01,1.037157055196942235e-01,2.247913719129888410e-01,4.083895535993502524e-01,9.839162622833223792e-02,6.336958464542248592e-02,-3.096416526906187183e-01,4.209906539266131120e-02,4.846969722571035089e-01,2.000000000000000042e-02,2.000000000000000042e-02,6.253341845597134574e-01,3.180260890163481152e-02,3.863297802595649921e-01,1.499999999999999944e-01,1.202864586239509037e-01,1.564798094073284629e+00
2.117795300420134696e-01,1.372890190023949297e-01,1.119007409973764022e-01,-2.694954697052930892e-01,-1.438206123290791671e-03,4.446877966359830125e-01,1.098167046811291681e-01,1.499999999999999944e-01,1.046533894349479521e-01,2.266115841430751676e-01,4.066417218971178915e-01,9.737473198933126184e-02,6.117821312816658363e-02,-3.085477220093826300e-01,4.109733250309846597e-02,4.863871947895919146e-01,2.000000000000000042e-02,2.000000000000000042e-02,6.253347362844948742e-01,3.494388450868427670e-02,3.838616790449475014e-01,1.499999999999999944e-01,1.212435989155262461e-01,2.018782948085100060e+00
2.117795300420134696e-01,1.372890190023949297e-01,1.119007409973764022e-01,-2.704544459829089642e-01,2.482673701734994243e-04,4.442381396614587530e-01,1.112087732553342090e-01,1.499999999999999944e-01,1.055917450666086221e-01,2.284311450294358725e-01,4.048926230141074445e-01,9.635903671172978135e-02,5.898574334876456604e-02,-3.074525614002714402e-01,4.009566585385374027e-02,4.880782679688369097e-01,2.000000000000000042e-02,2.000000000000000042e-02,6.253341330482641292e-01,3.808715710416436112e-02,3.813946602599923574e-01,1.499999999999999944e-01,1.222023252494461587e-01,2.260454543929485638e+00
2.117795300420134696e-01,1.372890190023949297e-01,1.119007409973764022e-01,-2.714128197530267239e-01,1.934967640684709389e-03,4.437869627684927210e-01,1.126025304337823496e-01,1.499999999999999944e-01,1.065307734042064691e-01,2.302500544556556339e-01,4.031422568339035895e-01,9.534454051194311830e-02,5.679217554004707680e-02,-3.063561696991319305e-01,3.909406567775777774e-02,4.897701921440844597e-01,2.000000000000000042e-02,2.000000000000000042e-02,6.253323743573361293e-01,4.123242738656699574e-02,3.789287241375302040e-01,1.499999999999999944e-01,1.231626386152408770e-01,1.873678770530504023e+00
2.117795300420134696e-01,1.372890190023949297e-01,1.119007409973764022e-01,-2.723707492822763920e-01,3.622049404205546219e-03,4.433343539379643872e-01,1.139981303503596888e-01,1.499999999999999944e-01,1.074705333538943375e-01,2.320685105606122012e-01,4.013906266161353376e-01,9.433122196955205652e-02,5.459725964190283165e-02,-3.052586442291731483e-01,3.809244943634740310e-02,4.914630179559995593e-01,2.000000000000000042e-02,2.000000000000000042e-02,6.253294106187837764e-01,4.437993680126964963e-02,3.764638471616660320e-01,1.499999999999999944e-01,1.241246432628310969e-01,1.702461604432575104e+00
2.117795300420134696e-01,1.372890190023949297e-01,1.119007409973764022e-01,-2.733283650140260757e-01,5.309640251928732235e-03,4.428803851436464711e-01,1.153957008290895925e-01,1.499999999999999944e-01,1.084110736936920727e-01,2.338866765585867757e-01,3.996377351547704126e-01,9.331906397150428745e-02,5.240078890072026596e-02,-3.041600649677211887e-01,3.709074925948999124e-02,4.931567871976827444e-01,2.000000000000000042e-02,2.000000000000000042e-02,6.253252006219242043e-01,4.752988371998071587e-02,3.740000104731177055e-01,1.499999999999999944e-01,1.250884255141779533e-01,1.694542117451972141e+00
2.117795300420134696e-01,1.372890190023949297e-01,1.119007409973764022e-01,-2.742856664244068265e-01,6.997740416684911091e-03,4.424250556288393810e-01,1.167952430341252790e-01,1.499999999999999944e-01,1.093523953549222494e-01,2.357045527988253231e-01,3.978835822169781711e-01,9.230806686704577657e-02,5.020276331649937973e-02,-3.030604309834534771e-01,3.608896526360086399e-02,4.948515006840412678e-01,2.000000000000000042e-02,2.000000000000000042e-02,6.253197435932321691e-01,5.068226953968405640e-02,3.715372143047158682e-01,1.499999999999999944e-01,1.260539865334346643e-01,1.764802723160202147e+00
2.117795300420134696e-01,1.372890190023949297e-01,1.119007409973764022e-01,-2.752426526985113919e-01,8.686349782058760960e-03,4.419683644913243725e-01,1.181967581296199665e-01,1.499999999999999944e-01,1.102944997927763904e-01,2.375221391649125213e-01,3.961281678027586128e-01,9.129823147108377668e-02,4.800318242357888565e-02,-3.019597411122167951e-01,3.508709756509534317e-02,4.965471594628130259e-01,2.000000000000000042e-02,2.000000000000000042e-02,6.253130386109347905e-01,5.383709565736353314e-02,3.690754588892911636e-01,1.499999999999999944e-01,1.270213276593774310e-01,1.601426392013940214e+00
2.117795300420134696e-01,1.372890190023949297e-01,1.119007409973764022e-01,-2.761992946160939932e-01,1.037547533296959146e-02,4.415103222957919016e-01,1.196002154983440147e-01,1.499999999999999944e-01,1.112373687300489689e-01,2.393394663904933328e-01,3.943714771273658659e-01,9.028957291761012527e-02,4.580205856198289738e-02,-3.008579966345796830e-01,3.408514162377587753e-02,4.982437663279657425e-01,2.000000000000000042e-02,2.000000000000000042e-02,6.253050840356678686e-01,5.699436230584978974e-02,3.666147225735937321e-01,1.499999999999999944e-01,1.279904428966171792e-01,1.664895287946416724e+00
2.117795300420134696e-01,1.372890190023949297e-01,1.119007409973764022e-01,-2.771551753520948291e-01,1.206521660451756461e-02,4.410510887058558538e-01,1.210051535535463796e-01,1.499999999999999944e-01,1.121807259131812895e-01,2.411569756896374817e-01,3.926133007596359636e-01,8.928230610930891487e-02,4.359957566791990147e-02,-2.997552306124935395e-01,3.308303166498563486e-02,4.999413544578661384e-01,2.000000000000000042e-02,2.000000000000000042e-02,6.252958644824190282e-01,6.015405621379613793e-02,3.641546873109643423e-01,1.499999999999999944e-01,1.289612293922170749e-01,1.645894119921952337e+00
2.117795300420134696e-01,1.372890190023949297e-01,1.119007409973764022e-01,-2.781102938005683423e-01,1.375557359670268043e-02,4.405906632267511114e-01,1.224115732265496359e-01,1.499999999999999944e-01,1.131245718660423005e-01,2.429746672951756115e-01,3.908536385831535842e-01,8.827643174467207643e-02,4.139573350855925427e-02,-2.986514423474664337e-01,3.208076768872461515e-02,5.000000000000000000e-01,2.000000000000000042e-02,2.000000000000000042e-02,6.252853788152293868e-01,6.331617854535578904e-02,3.616953531014029943e-01,1.499999999999999944e-01,1.299336882521226755e-01,1.598884449391634766e+00
2.117795300420134696e-01,1.372890190023949297e-01,1.119007409973764022e-01,-2.790646483317000270e-01,1.544628460788147195e-02,4.401291179486657157e-01,1.238197536812955246e-01,1.499999999999999944e-01,1.140688194517636145e-01,2.447927484263805742e-01,3.890928321604729678e-01,8.727254749996186944e-02,3.919098470667221890e-02,-2.975468405721704013e-01,3.107856005747935968e-02,5.000000000000000000e-01,2.000000000000000042e-02,2.000000000000000042e-02,6.252730545490209346e-01,6.648104734718798814e-02,3.592368286768202745e-01,1.499999999999999944e-01,1.309080150540746501e-01,1.608525593046855384e+00
2.117795300420134696e-01,1.372890190023949297e-01,1.119007409973764022e-01,-2.800182381305826307e-01,1.713734032482819303e-02,4.396664550834907814e-01,1.252297058608242974e-01,1.499999999999999944e-01,1.150134661092081512e-01,2.466112265338329668e-01,3.873308933659569409e-01,8.627067595975072833e-02,3.698534556040385113e-02,-2.964414320386941082e-01,3.007641657107643085e-02,5.000000000000000000e-01,2.000000000000000042e-02,2.000000000000000042e-02,6.252588702642839502e-01,6.964867542497812924e-02,3.567791177625064813e-01,1.499999999999999944e-01,1.318842177725225440e-01,1.527125695554963913e+00
2.117795300420134696e-01,1.372890190023949297e-01,1.119007409973764022e-01,-2.809710623241012395e-01,1.882874074754284366e-02,4.392026746021224781e-01,1.266414308128738508e-01,1.499999999999999944e-01,1.159585120129988933e-01,2.484301016175327892e-01,3.855678223160208251e-01,8.527081817177654954e-02,3.477881630258479462e-02,-2.953352162813762671e-01,2.907433734593115049e-02,5.000000000000000000e-01,2.000000000000000042e-02,2.000000000000000042e-02,6.252428246568030312e-01,7.281906371004878697e-02,3.543222203584616148e-01,1.499999999999999944e-01,1.328622972805812708e-01,1.580433328590225450e+00
2.117795300420134696e-01,1.372890190023949297e-01,1.119007409973764022e-01,-2.819231198645179570e-01,2.052048610885606750e-02,4.387377761262110099e-01,1.280549299344280467e-01,1.499999999999999944e-01,1.169039577452124501e-01,2.502493733282340482e-01,3.838036187778339769e-01,8.427297564943851682e-02,3.257139716604569302e-02,-2.942281927181402690e-01,2.807232249845884042e-02,5.000000000000000000e-01,2.000000000000000042e-02,2.000000000000000042e-02,6.252249167024871435e-01,7.599221313372253594e-02,3.518661366975163185e-01,1.499999999999999944e-01,1.338422545677810660e-01,1.579134920841172907e+00
2.117795300420134696e-01,1.372890190023949297e-01,1.119007409973764022e-01,-2.828744097623025477e-01,2.221257640876786454e-02,4.382717595393410548e-01,1.294702039239788161e-01,1.499999999999999944e-01,1.178498033640564824e-01,2.520690418987674430e-01,3.820382827513963964e-01,8.327714944047452661e-02,3.036308838361718998e-02,-2.931203608833248264e-01,2.707037214507482248e-02,5.000000000000000000e-01,2.000000000000000042e-02,2.000000000000000042e-02,6.252051452826578037e-01,7.916812462732195077e-02,3.494108665468399488e-01,1.499999999999999944e-01,1.348240906818598261e-01,1.644025874659281516e+00
2.117795300420134696e-01,1.372890190023949297e-01,1.119007409973764022e-01,-2.838249312607554198e-01,2.390501153086291297e-02,4.378046243176436647e-01,1.308872540620946989e-01,1.499999999999999944e-01,1.187960493351922775e-01,2.538891072127176241e-01,3.802718142367080834e-01,8.228334082545311901e-02,2.815389065379121647e-02,-2.920117201948533303e-01,2.606848663502506214e-02,5.000000000000000000e-01,2.000000000000000042e-02,2.000000000000000042e-02,6.251835091694971647e-01,8.234679935500024972e-02,3.469564101392631494e-01,1.499999999999999944e-01,1.358078064377248040e-01,1.558716052508727801e+00
2.117795300420134696e-01,1.372890190023949297e-01,1.119007409973764022e-01,-2.847746832539310158e-01,2.559779205721782191e-02,4.373363705484303310e-01,1.323060810472676263e-01,1.499999999999999944e-01,1.197426959496581400e-01,2.557095690372539476e-01,3.785042130009383943e-01,8.129155073569686862e-02,2.594380374373712883e-02,-2.909022699542338497e-01,2.506666596830955940e-02,5.000000000000000000e-01,2.000000000000000042e-02,2.000000000000000042e-02,6.251600074116737682e-01,8.552823824808000741e-02,3.445027672419552767e-01,1.499999999999999944e-01,1.367934027666985741e-01,1.454783221705785223e+00
2.117795300420134696e-01,1.372890190023949297e-01,1.119007409973764022e-01,-2.857236650433374048e-01,2.729091763858662589e-02,4.368669977951435968e-01,1.337266863928967819e-01,1.499999999999999944e-01,1.206897436731153572e-01,2.575304276052070573e-01,3.767354789276720073e-01,8.030178080102028104e-02,2.373282811911621437e-02,-2.897920098122204191e-01,2.406491037775895792e-02,5.000000000000000000e-01,2.000000000000000042e-02,2.000000000000000042e-02,6.251346387631798729e-01,8.871244293637572942e-02,3.420499380877469742e-01,1.499999999999999944e-01,1.377808806001037112e-01,1.553377180059195561e+00
2.117795300420134696e-01,1.372890190023949297e-01,1.119007409973764022e-01,-2.866718754066137076e-01,2.898438862421529039e-02,4.363965058540566488e-01,1.351490710303047404e-01,1.499999999999999944e-01,1.216371928548098946e-01,2.593516826837463096e-01,3.749656120169089224e-01,7.931403183633060905e-02,2.152096377992847309e-02,-2.886809393031517512e-01,2.306321997978857952e-02,5.000000000000000000e-01,2.000000000000000042e-02,2.000000000000000042e-02,6.251074021799155611e-01,9.189941388554870305e-02,3.395979229094688856e-01,1.499999999999999944e-01,1.387702409856781116e-01,1.461802326294361798e+00
2.117795300420134696e-01,1.372890190023949297e-01,1.119007409973764022e-01,-2.876193134706450105e-01,3.067820501410381540e-02,4.359248944632350131e-01,1.365732357743987546e-01,1.499999999999999944e-01,1.225850437857800568e-01,2.611733342728717044e-01,3.731946121522338178e-01,7.832830523861171457e-02,2.000000000000000042e-02,-2.875690577285359151e-01,2.206159477439842420e-02,5.000000000000000000e-01,2.000000000000000042e-02,2.000000000000000042e-02,6.250782965432023497e-01,9.508915225975214658e-02,3.371467212414597237e-01,1.499999999999999944e-01,1.397614848547443500e-01,1.442200876080085070e+00
2.117795300420134696e-01,1.372890190023949297e-01,1.119007409973764022e-01,-2.885659642760624588e-01,3.237242874120341285e-02,4.354523125178753062e-01,1.379989186907047138e-01,1.499999999999999944e-01,1.235331589795307661e-01,2.629952545485598758e-01,3.714226224080772187e-01,7.734429914293410036e-02,2.000000000000000042e-02,-2.864563760314131624e-01,2.105982893929950195e-02,5.000000000000000000e-01,2.000000000000000042e-02,2.000000000000000042e-02,6.250476123711138365e-01,9.828142150305210767e-02,3.346963451909129583e-01,1.499999999999999944e-01,1.407545974225565544e-01,1.453829274275096672e+00
2.117795300420134696e-01,1.372890190023949297e-01,1.119007409973764022e-01,-2.895117958086525500e-01,3.406719589502529844e-02,4.349790879599391147e-01,1.394255414279037819e-01,1.499999999999999944e-01,1.244812356398099507e-01,2.648171622513932899e-01,3.696499578042999890e-01,7.636134753724159452e-02,2.000000000000000042e-02,-2.853429185425857550e-01,2.005746915322861867e-02,5.000000000000000000e-01,2.000000000000000042e-02,2.000000000000000042e-02,6.250159902807951307e-01,1.014756993763148707e-01,3.322468210676913225e-01,1.499999999999999944e-01,1.417495452779173604e-01,1.466761380572779272e+00
2.117795300420134696e-01,1.372890190023949297e-01,1.119007409973764022e-01,-2.904568076027539969e-01,3.576250647556947215e-02,4.345052204401804730e-01,1.408531046844878898e-01,1.499999999999999944e-01,1.254292741740712369e-01,2.666390572649566248e-01,3.678766184573174503e-01,7.537945065436484071e-02,2.000000000000000042e-02,-2.842286850292230493e-01,1.905451541618577438e-02,5.000000000000000000e-01,2.000000000000000042e-02,2.000000000000000042e-02,6.249834297556532414e-01,1.046719861123710793e-01,3.297981488717948162e-01,1.499999999999999944e-01,1.427463293521493426e-01,1.528383701032652642e+00
2.117795300420134696e-01,1.372890190023949297e-01,1.119007409973764022e-01,-2.914009989598748684e-01,3.745836059925125583e-02,4.340307100459108725e-01,1.422816090425336466e-01,1.499999999999999944e-01,1.263772749897682512e-01,2.684609399384958461e-01,3.661026042507142808e-01,7.439860884354980441e-02,2.000000000000000042e-02,-2.831136750256637580e-01,1.805096749534032541e-02,5.000000000000000000e-01,2.000000000000000042e-02,2.000000000000000042e-02,6.249499301954216657e-01,1.078702828753739518e-01,3.273503283703927957e-01,1.499999999999999944e-01,1.437449508094057193e-01,1.534518965705390370e+00
2.117795300420134696e-01,1.372890190023949297e-01,1.119007409973764022e-01,-2.923443694143538774e-01,3.915475849890129312e-02,4.335555565442996695e-01,1.437110550841176615e-01,1.499999999999999944e-01,1.273252381451086546e-01,2.702828102720109538e-01,3.643279153009058025e-01,7.341882222121180745e-02,2.000000000000000042e-02,-2.819978882990772373e-01,1.704682504144630628e-02,5.000000000000000000e-01,2.000000000000000042e-02,2.000000000000000042e-02,6.249154910034718791e-01,1.110705896653234881e-01,3.249033600291465484e-01,1.499999999999999944e-01,1.447454102317630997e-01,1.535830057929734149e+00
2.117795300420134696e-01,1.372890190023949297e-01,1.119007409973764022e-01,-2.932869185005297363e-01,4.085170017451958402e-02,4.330797596152047291e-01,1.451414433913165436e-01,1.499999999999999944e-01,1.282731641057537342e-01,2.721046683819172696e-01,3.625525516078920152e-01,7.244009090376617166e-02,2.000000000000000042e-02,-2.808813241509715564e-01,1.604208817091903883e-02,5.000000000000000000e-01,2.000000000000000042e-02,2.000000000000000042e-02,6.248801115140537599e-01,1.142729071807116192e-01,3.224572438480560743e-01,1.499999999999999944e-01,1.457477087833747020e-01,1.878280792036032487e+00
2.179465927563151717e-01,1.667975499149683682e-01,8.271613126589186238e-02,4.769501813496277443e-01,9.496299721061395027e-02,4.244396156996634861e-01,1.215227430695366984e-01,4.147785842861111127e-02,-2.725953977580708454e-01,-4.000000000000000083e-02,3.441703726905019356e-01,7.494343957418461710e-02,7.559612117199704384e-02,3.067620075538436408e-01,3.419348511407341307e-02,3.864412445663558682e-01,1.342942749373722267e-01,2.292452478949300043e-02,-1.593851012300231407e-01,4.838374826839716980e-02,3.674580813346765562e-01,1.048057500244012202e-01,9.579346575376709860e-02,1.352475436548174814e+00
2.179465927563151717e-01,1.667975499149683682e-01,8.271613126589186238e-02,4.765553898685426226e-01,9.541444686467902281e-02,4.228425580209267398e-01,1.209209011178162818e-01,4.262489661551142894e-02,-2.732018769977209161e-01,-3.774564593099057758e-02,3.425198577944741918e-01,7.365278108531495005e-02,7.592574716852523720e-02,3.062176293109225567e-01,3.302006546901728457e-02,3.875514467335390290e-01,1.350718489023964297e-01,2.576046605762413733e-02,-1.603019236942284653e-01,5.118616727894695351e-02,3.658865867143831774e-01,1.064086836500918593e-01,9.597113688253464114e-02,1.312562384390837833e+00
2.179465927563151717e-01,1.667975499149683682e-01,8.271613126589186238e-02,4.761620111455955318e-01,9.586563339101293602e-02,4.212454494686943551e-01,1.203171490817029898e-01,4.376976679987336361e-02,-2.738071420255643318e-01,-3.549138196744024837e-02,3.408691895794676019e-01,7.236132072770853907e-02,7.625520389717549419e-02,3.056740594559962387e-01,3.184672440430338924e-02,3.886604975531893214e-01,1.358518116516168606e-01,2.859799453225306265e-02,-1.612192184553944418e-01,5.398977000048907349e-02,3.643147386571727320e-01,1.080138207849940385e-01,9.614899936898743671e-02,1.331940890347356188e+00
2.179465927563151717e-01,1.667975499149683682e-01,8.271613126589186238e-02,4.757700460247975549e-01,9.631655693513484218e-02,4.196482896937203666e-01,1.197114860880819087e-01,4.491246711905176603e-02,-2.744111922013168225e-01,-3.323720787651836955e-02,3.392183680454821659e-01,7.106905896702667147e-02,7.658449089228652751e-02,3.051312989785949226e-01,3.067346157068576162e-02,3.897683948134156307e-01,1.366341651640939903e-01,3.143711091187170736e-02,-1.621369853388980875e-01,5.679455713151546070e-02,3.627425359988920017e-01,1.096211607306158270e-01,9.632705340230038327e-02,1.335710066723925227e+00
2.179465927563151717e-01,1.667975499149683682e-01,8.271613126589186238e-02,4.753794956994057408e-01,9.676721787539453723e-02,4.180510783467588087e-01,1.191039118459147339e-01,4.605299571040148698e-02,-2.750140271175247619e-01,-3.098312319256365382e-02,3.375673930761025621e-01,6.977599615251531273e-02,7.691360768819704985e-02,3.045893485772105391e-01,2.950027696816440170e-02,3.908751361859115203e-01,1.374189109532270026e-01,3.427781636063328974e-02,-1.630552248686083505e-01,5.960052797353418419e-02,3.611699779246337338e-01,1.112307027884652938e-01,9.650529918620029401e-02,1.340101669102967463e+00
2.179465927563151717e-01,1.667975499149683682e-01,8.271613126589186238e-02,4.749903611880541554e-01,9.721761632820734300e-02,4.164538147293177506e-01,1.184944256567095344e-01,4.719135071127737724e-02,-2.756156461339038799e-01,-2.872912744991481387e-02,3.359162643220828248e-01,6.848213286625107199e-02,7.724255393566109573e-02,3.040482093577886458e-01,2.832717036390866583e-02,3.919807193423705538e-01,1.382060510562840294e-01,3.712011204269102804e-02,-1.639739371027328918e-01,6.240768252654524395e-02,3.595970635030753537e-01,1.128424460272198643e-01,9.668373693896589738e-02,1.308238685214550889e+00
2.179465927563151717e-01,1.667975499149683682e-01,8.271613126589186238e-02,4.746026436839998475e-01,9.766775261371539452e-02,4.148564984921512266e-01,1.178830269383897011e-01,4.832753002620364391e-02,-2.762160486101699064e-01,-2.647522041574120605e-02,3.342649814341769887e-01,6.718746934106459290e-02,7.757132916901737785e-02,3.035078821934441562e-01,2.715414199074919765e-02,3.930851419544862946e-01,1.389955872777025592e-01,3.996399865653685324e-02,-1.648931223905176768e-01,6.521602148904057095e-02,3.580237920357249304e-01,1.144563902140488948e-01,9.686236690797975224e-02,1.298396749106646375e+00
2.179465927563151717e-01,1.667975499149683682e-01,8.271613126589186238e-02,4.742163441185653916e-01,9.811762684833401360e-02,4.132591290531826278e-01,1.172697150506709640e-01,4.946153190895045959e-02,-2.768152340224538932e-01,-2.422140162438154304e-02,3.326135445288003756e-01,6.589200592620184094e-02,7.789993289350077843e-02,3.029683680154996450e-01,2.598119161585535353e-02,3.941884019267829498e-01,1.397875213637124192e-01,4.280947666783205263e-02,-1.658127805573397229e-01,6.802554486102016518e-02,3.564501625912598892e-01,1.160725345340451325e-01,9.704118936972824794e-02,1.288641673085067163e+00
2.179465927563151717e-01,1.667975499149683682e-01,8.271613126589186238e-02,4.738314638305269888e-01,9.856723943951682665e-02,4.116617061795813104e-01,1.166544894114767139e-01,5.059335438045735323e-02,-2.774132016722639094e-01,-2.196767037734389388e-02,3.309619532567070199e-01,6.459574320373942524e-02,7.822836467255384063e-02,3.024296677552776869e-01,2.480831912281181162e-02,3.952904968145387610e-01,1.405818554097894024e-01,4.565654724072984449e-02,-1.667329119524449954e-01,7.083625194399209568e-02,3.548761742383576556e-01,1.176908784051319684e-01,9.722020455704202813e-02,1.287256770828705266e+00
2.179465927563151717e-01,1.667975499149683682e-01,8.271613126589186238e-02,4.734479638207518271e-01,9.901652240071588673e-02,4.100642207909521719e-01,1.160374069478993242e-01,5.172301723132903539e-02,-2.780099125604671428e-01,-1.971407300792634570e-02,3.293102552317635490e-01,6.329867081271370322e-02,7.855664947726309633e-02,3.018917935199717517e-01,2.363550390610660856e-02,3.963913737651976188e-01,1.413786503593544852e-01,4.850515216756931536e-02,-1.676535196608395228e-01,7.364814483343215534e-02,3.533017990373409911e-01,1.193114299763819303e-01,9.739947233650034231e-02,1.360053933532127335e+00
2.179465927563151717e-01,1.667975499149683682e-01,8.271613126589186238e-02,4.730655041565001717e-01,9.946485535468117811e-02,4.084664596144256254e-01,1.154190144627054160e-01,5.285080952080960237e-02,-2.786050070219268093e-01,-1.746086609549820506e-02,3.276588510390923692e-01,6.200069445671399504e-02,7.888487595789611673e-02,3.013548469983654554e-01,2.246252733776535337e-02,3.974906564080240567e-01,1.421783289164412212e-01,5.135473265480569593e-02,-1.685746477457226167e-01,7.646143959617765495e-02,3.517267302338368817e-01,1.209343074093466724e-01,9.757949090747294885e-02,1.424848842061975152e+00
2.179465927563151717e-01,1.667975499149683682e-01,8.271613126589186238e-02,4.726839832654037288e-01,9.991222575766177394e-02,4.068681338235882183e-01,1.147992775551673894e-01,5.397696431237335168e-02,-2.791985343585317025e-01,-1.520762449130416000e-02,3.260076788621575905e-01,6.070182472953458697e-02,7.921298101734847164e-02,3.008187419267053242e-01,2.128940350404198711e-02,3.985886661657216390e-01,1.429804634875725400e-01,5.420524493027797930e-02,-1.694963559281543741e-01,7.927625823548586914e-02,3.501510452440343424e-01,1.225596472591986980e-01,9.776016395083295119e-02,1.314068639712876685e+00
2.179465927563151717e-01,1.667975499149683682e-01,8.271613126589186238e-02,4.723034018750582597e-01,1.003586338715921483e-01,4.052692431856093069e-01,1.141781954685856526e-01,5.510147985979045593e-02,-2.797904939882052133e-01,-1.295434703119099223e-02,3.243567387009592129e-01,5.940206221325208813e-02,7.954096451010100877e-02,3.002834788870679672e-01,2.011613193927522247e-02,3.996854014084758600e-01,1.437850552369016599e-01,5.705668945964745276e-02,-1.704186449648343871e-01,8.209260144984872887e-02,3.485747434858567639e-01,1.241874491766920413e-01,9.794149180127439958e-02,1.347626832353313597e+00
2.179465927563151717e-01,1.667975499149683682e-01,8.271613126589186238e-02,4.719237611205131522e-01,1.008040797837837926e-01,4.036697874676582476e-01,1.135557674462606137e-01,5.622435430041576587e-02,-2.803808854452860544e-01,-1.070103301666677081e-02,3.227060306719125582e-01,5.810140690786649853e-02,7.986882631973840629e-02,2.997490585197376545e-01,1.894271241063441580e-02,4.007808601572262486e-01,1.445921056778277647e-01,5.990906670857540361e-02,-1.713415155542545865e-01,8.491046993775816509e-02,3.469978246100581809e-01,1.258177133946573600e-01,9.812347483714708996e-02,1.347867155385402027e+00
2.179465927563151717e-01,1.667975499149683682e-01,8.271613126589186238e-02,4.715450617584679982e-01,1.012485636106520287e-01,4.020697664369043967e-01,1.129319924986620371e-01,5.734558600443477594e-02,-2.809697084387359212e-01,-8.447681516408921121e-03,3.210555546586023046e-01,5.679985892979313999e-02,8.019656632984534239e-02,2.992154816396216388e-01,1.776914421962763613e-02,4.018750407821582993e-01,1.454016158580887508e-01,6.276237737555376284e-02,-1.722649684531145642e-01,8.772986369921417782e-02,3.454202874524853750e-01,1.274504401459252700e-01,9.830611345135273349e-02,1.361170457909053333e+00
2.179465927563151717e-01,1.667975499149683682e-01,8.271613126589186238e-02,4.711673048948683551e-01,1.016920853521968565e-01,4.004691798605171105e-01,1.123068699272979920e-01,5.846517334203298055e-02,-2.815569623864782045e-01,-6.194291831925512193e-03,3.194053106610284520e-01,5.549741862827797800e-02,8.052418445311032569e-02,2.986827490034195121e-01,1.659542701700891798e-02,4.029679414206268628e-01,1.462135871746684801e-01,6.561662192624381773e-02,-1.731890043599062512e-01,9.055078389836998531e-02,3.438421313146464153e-01,1.290856291976651415e-01,9.848940826962368500e-02,1.411422636235124317e+00
2.179465927563151717e-01,1.667975499149683682e-01,8.271613126589186238e-02,4.707904914028291365e-01,1.021346452412489197e-01,3.988680276220810672e-01,1.116803989754688864e-01,5.958311445056523048e-02,-2.821426468228516171e-01,-3.940863264724613069e-03,3.177552989120216442e-01,5.419408588690569073e-02,8.085168068953335618e-02,2.981508611350002225e-01,1.542156033711697405e-02,4.040595603264021118e-01,1.470280208499278318e-01,6.847180152479878656e-02,-1.741136241477445612e-01,9.337323123371751854e-02,3.422633556144646927e-01,1.307232806662922964e-01,9.867335948113484245e-02,1.418907611346243103e+00
2.179465927563151717e-01,1.667975499149683682e-01,8.271613126589186238e-02,4.704146222718805781e-01,1.025762433651197097e-01,3.972663094887656232e-01,1.110525788864751284e-01,6.069940781663234197e-02,-2.827267611657795499e-01,-1.687394883483649133e-03,3.161055189459205939e-01,5.288986117133756548e-02,8.117905474807612931e-02,2.976198187910633619e-01,1.424754383070583885e-02,4.051498956368388971e-01,1.478449182226430070e-01,7.132791663687995665e-02,-1.750388284569137642e-01,9.619720617091806480e-02,3.406839595370329543e-01,1.323633945518067345e-01,9.885796753699557793e-02,1.397795415707746569e+00
2.179465927563151717e-01,1.667975499149683682e-01,8.271613126589186238e-02,4.700396985206567457e-01,1.030168798693283788e-01,3.956640252277401348e-01,1.104234090200324481e-01,6.181405146117384397e-02,-2.833093051242236982e-01,5.661142431199542302e-04,3.144559709955559446e-01,5.158474483081956774e-02,8.150630651232332324e-02,2.970896226118932004e-01,1.307337703211422508e-02,4.062389456057073911e-01,1.486642806897978675e-01,7.418496772814861528e-02,-1.759646180441134522e-01,9.902270940846355507e-02,3.391039423838592692e-01,1.340059708542084560e-01,9.904323296107483965e-02,1.415645673434476448e+00
2.179465927563151717e-01,1.667975499149683682e-01,8.271613126589186238e-02,4.696657208767534009e-01,1.034565546374596051e-01,3.940611743733433148e-01,1.097928884448182707e-01,6.292704387079055273e-02,-2.838902782325227747e-01,2.819664813578127982e-03,3.128066550609276963e-01,5.027873674893637568e-02,8.183343609869025981e-02,2.965602734123969908e-01,1.189905959209616726e-02,4.073267084867777665e-01,1.494861093573379707e-01,7.704295549709669344e-02,-1.768909937242508779e-01,1.018497416448459203e-01,3.375233035728670283e-01,1.356510095734974608e-01,9.922915594254752558e-02,1.424375761592616030e+00
2.058982715540506603e-01,1.690020436343753762e-01,8.661622690741908881e-02,3.152914802936126470e-01,4.785051507790508141e-02,3.726399392386340326e-01,6.931089536639700732e-02,5.384416263573944816e-02,-3.664968038115385407e-01,6.410280485713132359e-02,4.301201626493373342e-01,1.198581129370295678e-01,2.706226957777940062e-02,-3.875274024863643030e-01,1.419154778147875273e-01,4.458064473433581698e-01,9.169126475582274616e-02,9.750647731950332076e-02,-2.889519520695120747e-01,5.041637029759413191e-02,3.549563749746990071e-01,8.129491399344701552e-02,5.515517119119342504e-02,1.800573970266028390e+00
2.058982715540506603e-01,1.690020436343753762e-01,8.661622690741908881e-02,3.160986637972516000e-01,4.978679932103427519e-02,3.711487179885991639e-01,6.905277460002179346e-02,5.133264292986274013e-02,-3.678278794882554048e-01,6.547636421007313468e-02,4.302958559399946981e-01,1.214482462324240480e-01,2.558044793365948227e-02,-3.868746703916144947e-01,1.406708407473578060e-01,4.443108628470612276e-01,8.982898515070232570e-02,9.714723060848948211e-02,-2.897674700370789225e-01,4.927265693228519150e-02,3.521611599770945178e-01,8.106957693129956954e-02,5.662115662625458179e-02,1.803301902127457890e+00
2.058982715540506603e-01,1.690020436343753762e-01,8.661622690741908881e-02,3.169057139471394002e-01,5.172275771767767538e-02,3.696571745009534782e-01,6.879473165728922091e-02,4.882209575758457432e-02,-3.691592547015953296e-01,6.684996302780904509e-02,4.304711299463185870e-01,1.230385763861277376e-01,2.409898019211791781e-02,-3.862226617598821798e-01,1.394268854080527031e-01,4.428156005883751023e-01,8.796632777786257684e-02,9.678749020919960588e-02,-2.905826747892223949e-01,4.812843250371343085e-02,3.493664001633983718e-01,8.084382464480299735e-02,5.808661632972236810e-02,1.832327467171042112e+00
2.058982715540506603e-01,1.690020436343753762e-01,8.661622690741908881e-02,3.177126308596913695e-01,5.365839003500463833e-02,3.681653087756969756e-01,6.853676618895332417e-02,4.631252042041301975e-02,-3.704909294515583151e-01,6.822360165958502032e-02,4.306459844500302725e-01,1.246291035145559584e-01,2.261786635315470723e-02,-3.855713764165443758e-01,1.381836119132875407e-01,4.413206601016385067e-01,8.610329240447285593e-02,9.642725644177582711e-02,-2.913975663841501529e-01,4.698369712829417177e-02,3.465720950679492818e-01,8.061765706119772279e-02,5.955155030159678398e-02,1.847918284529345145e+00
2.058982715540506603e-01,1.690020436343753762e-01,8.661622690741908881e-02,3.185194144766998470e-01,5.559369638943048586e-02,3.666731203471683687e-01,6.827887802039112053e-02,4.380391645268678913e-02,-3.718229037381443614e-01,6.959727987257041670e-02,4.308204194511297547e-01,1.262198276177087242e-01,2.113710653318517235e-02,-3.849208142451857606e-01,1.369410200302316749e-01,4.398260415032667625e-01,8.423987961260977209e-02,9.606652959725645036e-02,-2.922121450546928401e-01,4.583845080602741429e-02,3.437782449235778914e-01,8.039107410772416973e-02,6.101595877470847307e-02,1.784498118467901184e+00
2.058982715540506603e-01,1.690020436343753762e-01,8.661622690741908881e-02,3.193260648563724935e-01,5.752867666453989615e-02,3.651806088661216920e-01,6.802106697697962723e-02,4.129628385440588245e-02,-3.731551776777687901e-01,7.097099778318055607e-02,4.309944346876825594e-01,1.278107485791706854e-01,2.000000000000000042e-02,-3.842709750711833516e-01,1.356991096424697840e-01,4.383317440947679389e-01,8.237608951868864715e-02,9.570530973384913653e-02,-2.930264110918887610e-01,4.469269353691315838e-02,3.409848497302842008e-01,8.016407592990149045e-02,6.247984198188807903e-02,1.805351455748767098e+00
2.058982715540506603e-01,1.690020436343753762e-01,8.661622690741908881e-02,3.201326735593599260e-01,5.946330035951855053e-02,3.636876926090010231e-01,6.776330977565447888e-02,3.878973904089212665e-02,-3.744877974873143667e-01,7.234470766113348938e-02,4.311679931687201761e-01,1.294017526611724311e-01,2.000000000000000042e-02,-3.836218876491216401e-01,1.344578893647356832e-01,4.368376913912755954e-01,8.051186275089534938e-02,9.534358017505903393e-02,-2.938404125752658302e-01,4.354656455367630907e-02,3.381919001748424636e-01,7.993665939906791085e-02,6.394316476570841012e-02,1.824145450066249285e+00
2.058982715540506603e-01,1.690020436343753762e-01,8.661622690741908881e-02,3.209392828444239676e-01,6.139759459913643469e-02,3.621944853135757869e-01,6.750572626598949633e-02,3.628447270044267425e-02,-3.758207709666076535e-01,7.371836852823593356e-02,4.313410245939401366e-01,1.309928007481658274e-01,2.000000000000000042e-02,-3.829736152507280389e-01,1.332173293947069848e-01,4.353438723333341587e-01,7.864718254542353570e-02,9.498131856914435178e-02,-2.946541982246362323e-01,4.240010867621576973e-02,3.353993541149061786e-01,7.970877013471622252e-02,6.540581024518635211e-02,1.804458965053674424e+00
2.058982715540506603e-01,1.690020436343753762e-01,8.661622690741908881e-02,3.217458930608105838e-01,6.333155915056290497e-02,3.607009865141846960e-01,6.724831615694637499e-02,3.378048483305752525e-02,-3.771540982320639723e-01,7.509198015165724494e-02,4.315135287450637125e-01,1.325838929565661961e-01,2.000000000000000042e-02,-3.823261575849642435e-01,1.319774298487990105e-01,4.338502866881129849e-01,7.678204890227320611e-02,9.461852514893573374e-02,-2.954677684474535937e-01,4.125332602094686218e-02,3.326072108519834147e-01,7.948040797677535796e-02,6.686777865315254865e-02,1.724409548849774820e+00
2.058982715540506603e-01,1.690020436343753762e-01,8.661622690741908881e-02,3.225525039174814701e-01,6.526519413021328320e-02,3.592071957451664632e-01,6.699107939031745396e-02,3.127777497307539234e-02,-3.784877789344373578e-01,7.646554288064338900e-02,4.316855054329160057e-01,1.341750291699582154e-01,2.000000000000000042e-02,-3.816795145354149321e-01,1.307381904941811168e-01,4.323569341063661087e-01,7.491646217069032609e-02,9.425520026367914528e-02,-2.962811236511715407e-01,4.010621682070023009e-02,3.298154708517354594e-01,7.925157315807596081e-02,6.832907033885296522e-02,1.695288986748106907e+00
2.058982715540506603e-01,1.690020436343753762e-01,8.661622690741908881e-02,3.233591154726442873e-01,6.719849930525692572e-02,3.577131130065210884e-01,6.673401567506442866e-02,2.877634242200434456e-02,-3.798218134229737752e-01,7.783905683160968758e-02,4.318569544683221184e-01,1.357662095047572071e-01,2.000000000000000042e-02,-3.810336858692494610e-01,1.294996110980226600e-01,4.308638143552628863e-01,7.305042223425957382e-02,9.389134417530906052e-02,-2.970942638939977343e-01,3.895878084264522978e-02,3.270241341141623126e-01,7.902226553309887880e-02,6.978968541870292364e-02,1.626324938196995751e+00
2.058982715540506603e-01,1.690020436343753762e-01,8.661622690741908881e-02,3.241657277262990355e-01,6.913147490852447619e-02,3.562187377161719626e-01,6.647712463283750317e-02,2.627618717984438190e-02,-3.811562013484272593e-01,7.921252212097146250e-02,4.320278755893475764e-01,1.373574338445478493e-01,2.000000000000000042e-02,-3.803886714118448475e-01,1.282616916603236401e-01,4.293709269691420305e-01,7.118392967505755842e-02,9.352695737859059721e-02,-2.979071895251781399e-01,3.781101820319718310e-02,3.242332006392639743e-01,7.879248523281134897e-02,7.124962412553306756e-02,1.575695819947396492e+00
2.058982715540506603e-01,1.690020436343753762e-01,8.661622690741908881e-02,3.249723407366533756e-01,7.106412059076996912e-02,3.547240698741190856e-01,6.622040635094816885e-02,2.377730878093421707e-02,-3.824909425943824881e-01,8.058593886514403559e-02,4.321982687232328035e-01,1.389487023057454640e-01,2.000000000000000042e-02,-3.797444709885781089e-01,1.270244320646687353e-01,4.278782717151728976e-01,6.931698449308427989e-02,9.316204001904290766e-02,-2.987199009521663839e-01,3.666292890235609003e-02,3.214426701942098008e-01,7.856223227176528656e-02,7.270888657575871883e-02,1.627031401102951635e+00
2.058982715540506603e-01,1.690020436343753762e-01,8.661622690741908881e-02,3.257789544454996467e-01,7.299643646840872635e-02,3.532291090147011703e-01,6.596386030552747748e-02,2.127970652678191910e-02,-3.838260371608394617e-01,8.195930729695805050e-02,4.323681333897645973e-01,1.405400148883500511e-01,2.000000000000000042e-02,-3.791010843666186014e-01,1.257878320782273018e-01,4.263858483605248439e-01,6.744958680475506008e-02,9.279659247501578778e-02,-2.995323982913777883e-01,3.551451317295259424e-02,3.186525423133385049e-01,7.833150648988962406e-02,7.416747335145648656e-02,1.639698660194754964e+00
2.058982715540506603e-01,1.690020436343753762e-01,8.661622690741908881e-02,3.265855689110455096e-01,7.492842230861010422e-02,3.517338545558416074e-01,6.570748623464095495e-02,2.000000000000000042e-02,-3.851614848149675363e-01,8.333262753282882906e-02,4.325374697781178557e-01,1.421313715923616106e-01,2.000000000000000042e-02,-3.784585114295510033e-01,1.245518918174146616e-01,4.248936564395365822e-01,6.558173707573118627e-02,9.243061512485903353e-02,-3.003446818920583183e-01,3.436577078215605208e-02,3.158628169966500865e-01,7.810030819277458125e-02,7.562538433621104894e-02,1.593544703192038670e+00
2.058982715540506603e-01,1.690020436343753762e-01,8.661622690741908881e-02,3.273920841907371759e-01,7.686008556195469965e-02,3.502382971843146509e-01,6.545121702485556803e-02,2.000000000000000042e-02,-3.864971628550175065e-01,8.470605172758199908e-02,4.327061280472214722e-01,1.437228890659326130e-01,2.000000000000000042e-02,-3.778167008382183889e-01,1.233166279296218359e-01,4.234014640528870332e-01,6.371340480519833982e-02,9.206428483255033046e-02,-3.011568891242877299e-01,3.321660091429776140e-02,3.130735009962332116e-01,7.786859596566941821e-02,7.708271766813870607e-02,1.510137087782875920e+00
2.058982715540506603e-01,1.690020436343753762e-01,8.661622690741908881e-02,3.281984055225026786e-01,7.879141831220062842e-02,3.487423973189108795e-01,6.519497808305385611e-02,2.000000000000000042e-02,-3.878329511403772467e-01,8.607973040622868277e-02,4.328739694300118290e-01,1.453146786021107251e-01,2.000000000000000042e-02,-3.771756129532036761e-01,1.220820571786551678e-01,4.219089887770054448e-01,6.184456449820104063e-02,9.169779100581829101e-02,-3.019691527597405667e-01,3.206689728218889424e-02,3.102846092132490741e-01,7.763632993632640922e-02,7.853959954144831834e-02,1.576464840288140490e+00
2.058982715540506603e-01,1.690020436343753762e-01,8.661622690741908881e-02,3.290045328481343567e-01,8.072242021010192503e-02,3.472461547267996496e-01,6.493876932192432783e-02,2.000000000000000042e-02,-3.891688494382161134e-01,8.745366380159952380e-02,4.330409937082101979e-01,1.469067405501419121e-01,2.000000000000000042e-02,-3.765352477745068649e-01,1.208481793316840136e-01,4.204162307283071387e-01,5.997521627115461051e-02,9.133113379018206746e-02,-3.027814726820015068e-01,3.091666000224477240e-02,3.074961418805283175e-01,7.740351025026470655e-02,7.999603007255520759e-02,1.393863040480462390e+00
2.058982715540506603e-01,1.690020436343753762e-01,8.661622690741908881e-02,3.298104664004628539e-01,8.265309148848923315e-02,3.457495688259043520e-01,6.468259062505166135e-02,2.000000000000000042e-02,-3.905048579813647502e-01,8.882785156444855668e-02,4.332072009254723244e-01,1.484990745607802087e-01,2.000000000000000042e-02,-3.758956054767509380e-01,1.196149942722930515e-01,4.189231892083001840e-01,5.810536035688969314e-02,9.096431356399145574e-02,-3.035938489492782111e-01,2.976588907446539589e-02,3.047080989980709420e-01,7.717013683472473407e-02,8.145200914504405199e-02,1.220568703080432860e+00
2.058982715540506603e-01,1.690020436343753762e-01,8.661622690741908881e-02,3.306162061212805092e-01,8.458343214736255278e-02,3.442526391505636996e-01,6.442644205064351759e-02,2.000000000000000042e-02,-3.918409768862384790e-01,9.020229369477578141e-02,4.333725909653828867e-01,1.499999999999999944e-01,2.000000000000000042e-02,-3.752566858853129128e-01,1.183825018840669596e-01,4.174298641005692589e-01,5.623499698823693216e-02,9.059733038545411676e-02,-3.044062814451553578e-01,2.861458426602012106e-02,3.019204801002156602e-01,7.693620961694691562e-02,8.290753699174549518e-02,1.106795236879177136e+00
2.172979752613658222e-01,1.351629824186044437e-01,1.063115699296596772e-01,-4.260086356222875237e-02,-5.997173573099505439e-02,3.305955373554608223e-01,4.041286551574024832e-02,4.728950530810591135e-02,-1.727674187962902064e-01,8.697661699770459220e-03,4.246978458186520533e-01,1.357260773453748959e-01,1.069764434634430661e-01,-4.799999999999999822e-01,8.145506455323506256e-02,3.494809185156529385e-01,2.619243247123595811e-02,6.851291068270923268e-02,-5.999999999999999778e-01,1.649463995289772722e-01,4.799447877952392472e-01,3.586967797667697799e-02,1.198672522028895876e-01,1.669140793390220479e+00
2.172979752613658222e-01,1.351629824186044437e-01,1.063115699296596772e-01,-4.096007539917029261e-02,-6.570944274984728828e-02,3.348453266418656704e-01,3.759469597780856764e-02,4.161099408341881190e-02,-1.755283059422863001e-01,3.610512835948237464e-03,4.237678907748220758e-01,1.303292553435898560e-01,1.063870705822205498e-01,-4.772346322610974134e-01,7.521609644166041275e-02,3.561015565881436307e-01,2.898269516104992963e-02,6.748740939330430400e-02,-5.999999999999999778e-01,1.676147960987657282e-01,4.844519913816388024e-01,3.348688521140233409e-02,1.221718180628481171e-01,1.702943470828307326e+00
2.172979752613658222e-01,1.351629824186044437e-01,1.063115699296596772e-01,-3.932118049849070429e-02,-7.144688899837862983e-02,3.390929515346071121e-01,3.477674506785127795e-02,3.593114827348228846e-02,-1.782877649051142210e-01,-1.480128953190079644e-03,4.228340322088359193e-01,1.249315709371007221e-01,1.057969040395414784e-01,-4.744660146720707239e-01,6.897767175680805107e-02,3.627190984787350136e-01,3.177534366646941888e-02,6.646037305146576535e-02,-5.999999999999999778e-01,1.702832031459331485e-01,4.889560470977361573e-01,3.110400699728146923e-02,1.244719487318756840e-01,1.700889972850720744e+00
2.172979752613658222e-01,1.351629824186044437e-01,1.063115699296596772e-01,-3.768442391444243311e-02,-7.718433384992610946e-02,3.433383156417986748e-01,3.195895201707038558e-02,3.025028219966527376e-02,-1.810461479575378174e-01,-6.574147717983952477e-03,4.218963133689856426e-01,1.195328006084895867e-01,1.052062160144282832e-01,-4.716944890283047975e-01,6.273957350051809212e-02,3.693336284721200902e-01,3.457048276128407704e-02,6.543175951484711539e-02,-5.999999999999999778e-01,1.729516765498340103e-01,4.934570867256756199e-01,2.872094927073434723e-02,1.267669573595734955e-01,1.701670025341246006e+00
2.172979752613658222e-01,1.351629824186044437e-01,1.063115699296596772e-01,-3.605013382181770920e-02,-8.292154913045894638e-02,3.475811195432326195e-01,2.914097665989551222e-02,2.456842752693530474e-02,-1.838034138885331625e-01,-1.167144846353077026e-02,4.209553218616081671e-01,1.141330272454655903e-01,1.046153154731450929e-01,-4.689205540530383409e-01,5.650204800761152168e-02,3.759451409803634125e-01,3.736811617078419911e-02,6.440172769036264788e-02,-5.999999999999999778e-01,1.756197906960517141e-01,4.979549505436356438e-01,2.633780004174426925e-02,1.290561994707199456e-01,1.753422508777276567e+00
2.172979752613658222e-01,1.351629824186044437e-01,1.063115699296596772e-01,-3.441879322778679251e-02,-8.865831132255923286e-02,3.518206777854940293e-01,2.632202178420278704e-02,2.000000000000000042e-02,-1.865594644435686345e-01,-1.677193107265376182e-02,4.200122929114757375e-01,1.087323737826085823e-01,1.040245030582605257e-01,-4.661453031189739526e-01,5.026558329111743828e-02,3.825536443853681523e-01,4.016841386133965242e-02,6.337046209629745852e-02,-5.999999999999999778e-01,1.782865453441411230e-01,5.000000000000000000e-01,2.395469644756034744e-02,1.313383327966543557e-01,1.722180937967626724e+00
2.172979752613658222e-01,1.351629824186044437e-01,1.063115699296596772e-01,-3.279035777811206698e-02,-9.439458363898527160e-02,3.560576194769820568e-01,2.350124384457025206e-02,2.000000000000000042e-02,-1.893153357190084929e-01,-2.187610404747866721e-02,4.190675276268182592e-01,1.033309007558859127e-01,1.034335061250908627e-01,-4.633683723118156017e-01,4.402998144498873612e-02,3.891595624389057595e-01,4.297163101533588159e-02,6.233809544611843001e-02,-5.999999999999999778e-01,1.809514056821137640e-01,5.000000000000000000e-01,2.157165548481956852e-02,1.336140821391704203e-01,1.709332222319084549e+00
2.172979752613658222e-01,1.351629824186044437e-01,1.063115699296596772e-01,-3.116376110844559788e-02,-1.000000000000000056e-01,3.602924326307258007e-01,2.067698462115380442e-02,2.000000000000000042e-02,-1.920714822002691502e-01,-2.698526844564222427e-02,4.181211893383322553e-01,9.792888197413451845e-02,1.028414857848270192e-01,-4.605885674431919874e-01,3.779486668056655785e-02,3.957640849055653054e-01,4.577724562646981465e-02,6.130446790158869397e-02,-5.999999999999999778e-01,1.836138506349891397e-01,5.000000000000000000e-01,2.000000000000000042e-02,1.358853457665058495e-01,1.857059565060492190e+00
2.172979752613658222e-01,1.351629824186044437e-01,1.063115699296596772e-01,-2.953856759265310883e-02,-1.000000000000000056e-01,3.645256536885282395e-01,2.000000000000000042e-02,2.000000000000000042e-02,-1.948263974730861658e-01,-3.209955325532101722e-02,4.171747641458085076e-01,9.252646086103089029e-02,1.022471810849106266e-01,-4.578062263503670515e-01,3.156005273333598038e-02,4.023665915245120961e-01,4.858464115919705617e-02,6.026969180349381339e-02,-5.999999999999999778e-01,1.862739023216783973e-01,5.000000000000000000e-01,2.000000000000000042e-02,1.381542319601389290e-01,1.777972439325264498e+00
2.172979752613658222e-01,1.351629824186044437e-01,1.063115699296596772e-01,-2.791271958992130875e-02,-1.000000000000000056e-01,3.687561687885901329e-01,2.000000000000000042e-02,2.000000000000000042e-02,-1.975805155337793106e-01,-3.721832936811589332e-02,4.162284286512902276e-01,8.712454173079497988e-02,1.016504912678806438e-01,-4.550212770886719049e-01,2.532554984784532448e-02,4.089677551763062913e-01,5.139347092868920552e-02,5.923320940602691542e-02,-5.999999999999999778e-01,1.889320974168151590e-01,5.000000000000000000e-01,2.000000000000000042e-02,1.404206478206428410e-01,1.738097002678686831e+00
2.172979752613658222e-01,1.351629824186044437e-01,1.063115699296596772e-01,-2.628610848475493311e-02,-1.000000000000000056e-01,3.729838405608317253e-01,2.000000000000000042e-02,2.000000000000000042e-02,-2.003330633846116537e-01,-4.000000000000000083e-02,4.152821833204387025e-01,8.172318931034572298e-02,1.010516722728221073e-01,-4.522338684368878425e-01,1.909132915309477707e-02,4.155672219583695370e-01,5.420363365361627328e-02,5.819500173349054228e-02,-5.999999999999999778e-01,1.915886638615995619e-01,5.000000000000000000e-01,2.000000000000000042e-02,1.426844103431316735e-01,1.801709742694876715e+00
2.172979752613658222e-01,1.351629824186044437e-01,1.063115699296596772e-01,-2.465864615075535893e-02,-1.000000000000000056e-01,3.772094224452158806e-01,2.000000000000000042e-02,2.000000000000000042e-02,-2.030852440615189547e-01,-4.000000000000000083e-02,4.143368015002368288e-01,7.632301873824365313e-02,1.004506311421005382e-01,-4.494434567354619325e-01,1.285832290298152825e-02,4.221649392509763676e-01,5.701364806542333352e-02,5.715619312506289851e-02,-5.999999999999999778e-01,1.942438959539651844e-01,5.000000000000000000e-01,2.000000000000000042e-02,1.449468897359433295e-01,1.874186967850534735e+00
2.172979752613658222e-01,1.351629824186044437e-01,1.063115699296596772e-01,-2.303049382314331650e-02,-1.000000000000000056e-01,3.814326718322119114e-01,2.000000000000000042e-02,2.000000000000000042e-02,-2.058385639787656540e-01,-4.000000000000000083e-02,4.133923752169965105e-01,7.092445749155051882e-02,9.984751985591858170e-02,-4.466498808655887665e-01,6.628076627318152392e-03,4.287616432646220166e-01,5.982257934907611596e-02,5.611744365561874281e-02,-5.999999999999999778e-01,1.968978754174679491e-01,5.000000000000000000e-01,2.000000000000000042e-02,1.472091549245628239e-01,2.027381159130074995e+00
2.172979752613658222e-01,1.351629824186044437e-01,1.063115699296596772e-01,-2.140092984333880066e-02,-1.000000000000000056e-01,3.856528385414859650e-01,2.000000000000000042e-02,2.000000000000000042e-02,-2.085935355965984339e-01,-4.000000000000000083e-02,4.124492343335321443e-01,6.552798706403739626e-02,9.924241495735033891e-02,-4.438532029930501999e-01,4.019654238860692619e-04,4.353577475065296132e-01,6.263009152995582807e-02,5.507838300801934373e-02,-5.999999999999999778e-01,1.995506208785593483e-01,5.000000000000000000e-01,2.000000000000000042e-02,1.494715770410361411e-01,1.864196588427027956e+00
2.172979752613658222e-01,1.351629824186044437e-01,1.063115699296596772e-01,-1.976951730463899493e-02,-1.000000000000000056e-01,3.898701796180686352e-01,2.000000000000000042e-02,2.000000000000000042e-02,-2.113498629872692103e-01,-4.000000000000000083e-02,4.115078016702926056e-01,6.013360047078497583e-02,9.863552378208398363e-02,-4.410538526903837742e-01,-5.820200231458655393e-03,4.419531290421193082e-01,6.543660789417263257e-02,5.403890477866055142e-02,-5.999999999999999778e-01,2.022018755250394317e-01,5.000000000000000000e-01,2.000000000000000042e-02,1.499999999999999944e-01,2.062612568462643292e+00
2.172979752613658222e-01,1.351629824186044437e-01,1.063115699296596772e-01,-1.813564328037448048e-02,-1.000000000000000056e-01,3.940846498928150532e-01,2.000000000000000042e-02,2.000000000000000042e-02,-2.141051889733416314e-01,-4.000000000000000083e-02,4.105681420706121521e-01,5.474065183958776171e-02,9.802822265026181481e-02,-4.382531778141856016e-01,-1.203859123640846351e-02,4.485484123231773812e-01,6.824312193008300054e-02,5.299775855057062279e-02,-5.999999999999999778e-01,2.048506363224953386e-01,5.000000000000000000e-01,2.000000000000000042e-02,1.499999999999999944e-01,2.077123673801834158e+00
2.172979752613658222e-01,1.351629824186044437e-01,1.063115699296596772e-01,-1.649938192710526108e-02,-1.000000000000000056e-01,3.982962950005313751e-01,2.000000000000000042e-02,2.000000000000000042e-02,-2.168592893389058585e-01,-4.000000000000000083e-02,4.096301006439050929e-01,4.934913371986515696e-02,9.742056080556496522e-02,-4.354511809255927623e-01,-1.825321504154395202e-02,4.551436732524936635e-01,7.104979149686332929e-02,5.195487761777015101e-02,-5.999999999999999778e-01,2.074968830146610710e-01,5.000000000000000000e-01,2.000000000000000042e-02,1.499999999999999944e-01,2.194507676014184394e+00
2.172979752613658222e-01,1.351629824186044437e-01,1.063115699296596772e-01,-1.486073475823052048e-02,-1.000000000000000056e-01,4.025051144755563137e-01,2.000000000000000042e-02,2.000000000000000042e-02,-2.196121633854699606e-01,-4.000000000000000083e-02,4.086936773901714282e-01,4.395904564595587427e-02,9.681253696742489478e-02,-4.326478627230971874e-01,-2.446407444083284477e-02,4.617389132270520169e-01,7.385661706017490613e-02,5.091026244592042338e-02,-5.999999999999999778e-01,2.101406165328592035e-01,5.000000000000000000e-01,2.000000000000000042e-02,1.499999999999999944e-01,2.191832576426932633e+00
2.172979752613658222e-01,1.351629824186044437e-01,1.063115699296596772e-01,-1.321976114556439041e-02,-1.000000000000000056e-01,4.067111995875021813e-01,2.000000000000000042e-02,2.000000000000000042e-02,-2.223637591918004031e-01,-4.000000000000000083e-02,4.077589182352556185e-01,3.857033173850543673e-02,9.620425695736914418e-02,-4.298433300759643139e-01,-3.067110051640462021e-02,4.683341247962718445e-01,7.666363983104165780e-02,4.986398579459758174e-02,-5.999999999999999778e-01,2.127817802992433283e-01,5.000000000000000000e-01,2.000000000000000042e-02,1.499999999999999944e-01,2.159598103557586857e+00
2.172979752613658222e-01,1.351629824186044437e-01,1.063115699296596772e-01,-1.157637505818404078e-02,-1.000000000000000056e-01,4.109150271735271809e-01,2.000000000000000042e-02,2.000000000000000042e-02,-2.251132010818464035e-01,-4.000000000000000083e-02,4.068256324908605115e-01,3.318309490865833933e-02,9.559599155743628285e-02,-4.270386963803320945e-01,-3.687405391835760216e-02,4.749290048146551091e-01,7.947078739913340795e-02,4.881589853577436577e-02,-5.999999999999999778e-01,2.154203780391037437e-01,5.000000000000000000e-01,2.000000000000000042e-02,1.499999999999999944e-01,1.936868087310585684e+00
1.910786554156609363e-01,1.420049752554240763e-01,1.008388757113917872e-01,2.135647325216025738e-01,1.505316773941157704e-01,4.209028702292756940e-01,1.418874312414020733e-01,1.218450946171661803e-01,8.022965205194858562e-01,-4.000000000000000083e-02,4.331878830937067049e-01,1.289108245080081983e-01,3.873324315556637976e-02,-1.460029406509731342e-01,-8.629155645737998648e-02,3.033500448693108864e-01,1.201220451725255461e-01,1.007381858968502825e-01,4.336987008290127399e-01,5.810978477392519936e-02,3.184495271126187577e-01,1.001085578695335848e-01,1.332187728327123566e-01,1.133475372478865761e+00
1.910786554156609363e-01,1.420049752554240763e-01,1.008388757113917872e-01,2.177052180653602509e-01,1.473460531373856908e-01,4.257622259732501413e-01,1.470786735637277798e-01,1.257002490010937779e-01,7.996987542896030199e-01,-4.000000000000000083e-02,4.281876028773704546e-01,1.260912964032707972e-01,3.908992500420972738e-02,-1.414535458236370613e-01,-8.228981143454663916e-02,3.038133141418972172e-01,1.246168458705376597e-01,9.682513910470073870e-02,4.344386780001916470e-01,5.526223224159504399e-02,3.209132022167003884e-01,9.559280241359262298e-02,1.360646606259403868e-01,1.543911565962316823e+00
1.910786554156609363e-01,1.420049752554240763e-01,1.008388757113917872e-01,2.218450498206705479e-01,1.441585247916518098e-01,4.306260301795022394e-01,1.499999999999999944e-01,1.295539225821277229e-01,7.971022160085348141e-01,-4.000000000000000083e-02,4.231872351167121904e-01,1.232717459467916055e-01,3.944739361670181188e-02,-1.369007879904840519e-01,-7.828867084006421728e-02,3.042770388021187045e-01,1.291143082884680382e-01,9.290954328266447237e-02,4.351765103354812148e-01,5.241702617649163232e-02,3.233730765933550133e-01,9.107815755982189010e-02,1.389121316675452633e-01,1.525715874020387552e+00
1.910786554156609363e-01,1.420049752554240763e-01,1.008388757113917872e-01,2.259838021731168656e-01,1.409689449751166945e-01,4.354936979774551298e-01,1.499999999999999944e-01,1.334062944070329992e-01,7.945069724986759674e-01,-4.000000000000000083e-02,4.181865646762171762e-01,1.204521489241836829e-01,3.980590289485953781e-02,-1.323451104610596230e-01,-7.428804712961070700e-02,3.047408539461490817e-01,1.336142303293179623e-01,8.899152648759549311e-02,4.359118285654806080e-01,4.957424713801766858e-02,3.258294657281047835e-01,8.656460375044731925e-02,1.417612970177440090e-01,1.659642452013100566e+00
1.910786554156609363e-01,1.420049752554240763e-01,1.008388757113917872e-01,2.301207808217198281e-01,1.377771490765152818e-01,4.403643436793403532e-01,1.499999999999999944e-01,1.372576247804692118e-01,7.919130493713972818e-01,-4.000000000000000083e-02,4.131852707152584570e-01,1.176323428196577592e-01,4.016597827923797104e-02,-1.277871549166176846e-01,-7.028777965004198713e-02,3.052041458615155078e-01,1.381163642612825981e-01,8.507138907102411440e-02,4.366440687161632361e-01,4.673409908581699357e-02,3.282825281786180271e-01,8.205224389661340545e-02,1.446124477148411913e-01,1.139616799583954121e+00
1.910786554156609363e-01,1.420049752554240763e-01,1.008388757113917872e-01,2.342557925170452027e-01,1.345831708562909013e-01,4.452377940591590311e-01,1.499999999999999944e-01,1.411079523523232071e-01,7.893203688612637769e-01,-4.000000000000000083e-02,4.081832945605138319e-01,1.148121548728762431e-01,4.052788278115294907e-02,-1.232270168177221348e-01,-6.628780693406813307e-02,3.056667259262927927e-01,1.426207259168457142e-01,8.114930938122337511e-02,4.373731115782395484e-01,4.389671240505005345e-02,3.307319389133162035e-01,7.754125215564160178e-02,1.474657802679000540e-01,1.233675824869539417e+00
1.910786554156609363e-01,1.420049752554240763e-01,1.008388757113917872e-01,2.383888367934317021e-01,1.313870110129354840e-01,4.501140486512498762e-01,1.499999999999999944e-01,1.449572773554256289e-01,7.867289309682754528e-01,-4.000000000000000083e-02,4.031806357463220136e-01,1.119915850838391347e-01,4.089161788489982519e-02,-1.186646952330503990e-01,-6.228813037867300673e-02,3.061285946061422236e-01,1.471273148303460232e-01,7.722528834951584986e-02,4.380989564532176139e-01,4.106208663005556092e-02,3.331776986306912436e-01,7.303162992451577018e-02,1.499999999999999944e-01,1.293078757495810027e+00
1.910786554156609363e-01,1.420049752554240763e-01,1.008388757113917872e-01,2.425197897849769024e-01,1.281887449835775739e-01,4.549929631006138231e-01,1.499999999999999944e-01,1.488059702233305304e-01,7.841389720155356180e-01,-4.000000000000000083e-02,3.981773180214086549e-01,1.091704462567089362e-01,4.125724508687235448e-02,-1.141001473217640449e-01,-5.828875976274364157e-02,3.065897278904036738e-01,1.499999999999999944e-01,7.329908476335471323e-02,4.388217070089415195e-01,3.823048159983183369e-02,3.356200229319191708e-01,6.852364402715353797e-02,1.499999999999999944e-01,1.389486374795213308e+00
1.910786554156609363e-01,1.420049752554240763e-01,1.008388757113917872e-01,2.466487488148898510e-01,1.249883692757575160e-01,4.598735176090316679e-01,1.499999999999999944e-01,1.499999999999999944e-01,7.815511069087741625e-01,-4.000000000000000083e-02,3.931742089127520101e-01,1.063483844889072938e-01,4.162494576214194331e-02,-1.095339966043267776e-01,-5.428959776307099028e-02,3.070499288334564425e-01,1.499999999999999944e-01,6.937062691090171984e-02,4.395410592850059750e-01,3.540170243513013348e-02,3.380589516310400500e-01,6.401715895612029861e-02,1.499999999999999944e-01,1.790308895316102378e+00
1.910786554156609363e-01,1.420049752554240763e-01,1.008388757113917872e-01,2.507750405369491009e-01,1.217861029831109887e-01,4.647547370817677881e-01,1.499999999999999944e-01,1.499999999999999944e-01,7.789653880348859083e-01,-4.000000000000000083e-02,3.881726867777625101e-01,1.035243664780376716e-01,4.199391137719467315e-02,-1.049670537970397999e-01,-5.029024065131895704e-02,3.075085171914712645e-01,1.499999999999999944e-01,6.544040094254081896e-02,4.402571916878916802e-01,3.257569302376533971e-02,3.404949659889943137e-01,5.951194234643368552e-02,1.499999999999999944e-01,1.557716800058194462e+00
